{
    "agents": [
        {
            "type": "PolicyMCTSAgent",
            "iterations": 500,
            "max_choice_children": 1,
            "exploration": 1.4,
            "use_rollout_policy": false,
            "policy" : {
                "type" : "ConstantPolicy",
                "num_actions": 43,
                "probs": [0.010125, 0.022375, 0.022, 0.02225, 0.0225, 0.0215, 0.041625, 0.045375, 0.042875, 0.041, 0.04, 0.044, 0.04525, 0.043625, 0.04225, 0.0445, 0.070875, 0.066625, 0.0705, 0.064375, 0.0245, 0.024625, 0.024125, 0.026, 0.019875, 0.019125, 0.019, 0.019125, 0.0, 0.0, 0.0, 0.0, 0.0, 0.0, 0.0, 0.0, 0.0, 0.0, 0.0, 0.0, 0.0, 0.0, 0.0, 0.0095, 0.013375, 0.01175, 0.0125, 0.013375, 0.014375, 0.047875, 0.04425, 0.04525, 0.047875, 0.042375, 0.05025, 0.050125, 0.045375, 0.04375, 0.043625, 0.070625, 0.064875, 0.06525, 0.06675, 0.02725, 0.0315, 0.032125, 0.0285, 0.017625, 0.018625, 0.02025, 0.021, 0.0, 0.0, 0.0, 0.0, 0.0, 0.0, 0.0, 0.0, 0.0, 0.0, 0.0, 0.0, 0.0, 0.0, 0.0, 0.0095, 0.0075, 0.005375, 0.005875, 0.00675, 0.005, 0.044, 0.044125, 0.048375, 0.04675, 0.046, 0.04425, 0.04725, 0.0405, 0.0485, 0.0445, 0.068, 0.068875, 0.06825, 0.064125, 0.0305, 0.032875, 0.031125, 0.032, 0.021875, 0.02, 0.018, 0.019375, 0.008, 0.007125, 0.006625, 0.00825, 0.0, 0.0, 0.0, 0.0, 0.0, 0.0, 0.0, 0.0, 0.00075, 0.0, 0.0, 0.01425, 0.00375, 0.0045, 0.00475, 0.00325, 0.004375, 0.038375, 0.040625, 0.042125, 0.04125, 0.036125, 0.039875, 0.03675, 0.03525, 0.0395, 0.040625, 0.06075, 0.059125, 0.0575, 0.067, 0.028625, 0.02625, 0.0255, 0.023875, 0.019875, 0.01925, 0.020625, 0.018, 0.031625, 0.030625, 0.038, 0.034625, 0.000125, 0.0, 0.00025, 0.000125, 0.0, 0.0, 0.0, 0.0, 0.008625, 0.003875, 0.000375, 0.01275, 0.005, 0.003, 0.0035, 0.003125, 0.003, 0.027375, 0.025625, 0.026625, 0.02975, 0.027625, 0.026875, 0.0265, 0.026375, 0.03075, 0.027125, 0.053625, 0.050875, 0.053, 0.052125, 0.02425, 0.023, 0.024625, 0.028125, 0.017, 0.018625, 0.019625, 0.018875, 0.063375, 0.062, 0.067125, 0.0685, 0.001375, 0.001875, 0.003875, 0.002375, 0.0, 0.0, 0.0, 0.0, 0.02375, 0.012125, 0.004875, 0.012125, 0.004125, 0.004375, 0.003, 0.00375, 0.00375, 0.026625, 0.02625, 0.026875, 0.024375, 0.025625, 0.0235, 0.029375, 0.02475, 0.028625, 0.024625, 0.03475, 0.03575, 0.038125, 0.03725, 0.019625, 0.017625, 0.017875, 0.0185, 0.01375, 0.0155, 0.01575, 0.0145, 0.07875, 0.0825, 0.079, 0.0895, 0.007375, 0.00725, 0.00525, 0.00575, 0.0, 0.0, 0.0, 0.0, 0.028625, 0.027875, 0.017375, 0.010875, 0.0055, 0.004625, 0.0065, 0.0045, 0.00475, 0.042375, 0.043375, 0.045, 0.047125, 0.041875, 0.04675, 0.03925, 0.04175, 0.039875, 0.0435, 0.0275, 0.0285, 0.029375, 0.035, 0.014125, 0.01675, 0.016625, 0.02175, 0.014625, 0.01275, 0.012375, 0.01475, 0.047375, 0.0505, 0.05625, 0.060875, 0.00375, 0.005375, 0.00525, 0.00375, 0.0, 0.00025, 0.000125, 0.0, 0.024375, 0.017125, 0.01325, 0.01425, 0.0045, 0.0035, 0.003, 0.00475, 0.003875, 0.035375, 0.033, 0.03525, 0.032125, 0.030875, 0.030375, 0.032, 0.033375, 0.033625, 0.0345, 0.02375, 0.020375, 0.024875, 0.0225, 0.012875, 0.016125, 0.01475, 0.014625, 0.01075, 0.009, 0.0095, 0.009375, 0.0725, 0.078375, 0.085125, 0.088375, 0.0085, 0.007125, 0.00625, 0.007375, 0.00025, 0.000125, 0.0, 0.000125, 0.039125, 0.0335, 0.020375, 0.012875, 0.00475, 0.005125, 0.006, 0.003625, 0.00375, 0.041625, 0.036625, 0.038875, 0.039125, 0.039, 0.0375, 0.043125, 0.037125, 0.0375, 0.039875, 0.01475, 0.016125, 0.014875, 0.0185, 0.009625, 0.01325, 0.012125, 0.012875, 0.010375, 0.007875, 0.01025, 0.01, 0.066, 0.071625, 0.07675, 0.083, 0.0075, 0.009, 0.0065, 0.007125, 0.000375, 0.000625, 0.000125, 0.000375, 0.036625, 0.033, 0.02425, 0.01475, 0.004625, 0.004375, 0.00475, 0.005125, 0.004, 0.041375, 0.03875, 0.0405, 0.039875, 0.042875, 0.043875, 0.040875, 0.035875, 0.041625, 0.040125, 0.01375, 0.01475, 0.012625, 0.016875, 0.008875, 0.010875, 0.01, 0.01175, 0.010125, 0.009125, 0.0085, 0.00975, 0.065625, 0.068875, 0.079875, 0.084, 0.008375, 0.008625, 0.00825, 0.00625, 0.000375, 0.00025, 0.000125, 0.0005, 0.03375, 0.031125, 0.023625, 0.0125, 0.005, 0.004625, 0.0055, 0.00425, 0.0045, 0.038125, 0.034375, 0.0325, 0.036125, 0.034125, 0.037125, 0.039, 0.0355, 0.034875, 0.037875, 0.0125, 0.012, 0.011125, 0.013375, 0.008875, 0.0105, 0.011625, 0.012, 0.0085, 0.005625, 0.01075, 0.0055, 0.07125, 0.07875, 0.084625, 0.097125, 0.008625, 0.009375, 0.01, 0.01025, 0.0005, 0.0005, 0.00025, 0.0005, 0.045, 0.036125, 0.02875, 0.011125, 0.0035, 0.004625, 0.00375, 0.004125, 0.003875, 0.038375, 0.042875, 0.035375, 0.04, 0.0425, 0.039, 0.03875, 0.038125, 0.039, 0.037125, 0.011625, 0.01, 0.01075, 0.012125, 0.00725, 0.01, 0.010875, 0.009625, 0.007625, 0.009125, 0.00925, 0.0095, 0.0645, 0.07475, 0.083125, 0.09675, 0.01025, 0.0095, 0.011375, 0.0115, 0.000375, 0.000375, 0.00075, 0.000375, 0.033875, 0.034125, 0.0285, 0.009625, 0.002875, 0.004, 0.004875, 0.0045, 0.004625, 0.036875, 0.032625, 0.034625, 0.037125, 0.036625, 0.034125, 0.03325, 0.03275, 0.0345, 0.03225, 0.00775, 0.011125, 0.010625, 0.011875, 0.00925, 0.00875, 0.011, 0.010375, 0.008875, 0.006625, 0.011, 0.009875, 0.07, 0.08175, 0.085125, 0.10275, 0.013125, 0.012, 0.013875, 0.01125, 0.001, 0.000625, 0.001, 0.000375, 0.042125, 0.040625, 0.032, 0.012375, 0.004875, 0.00575, 0.003125, 0.002375, 0.004, 0.035125, 0.0355, 0.039125, 0.0335, 0.033625, 0.034625, 0.036375, 0.038375, 0.036625, 0.037, 0.007875, 0.007375, 0.00875, 0.01225, 0.00875, 0.008875, 0.01025, 0.011125, 0.008375, 0.00825, 0.01125, 0.00825, 0.068875, 0.080375, 0.084625, 0.105625, 0.01475, 0.012875, 0.01375, 0.01475, 0.000125, 0.001, 0.0005, 0.00075, 0.0365, 0.035625, 0.026125, 0.01175, 0.00475, 0.00275, 0.00375, 0.004125, 0.004, 0.030625, 0.038625, 0.0335, 0.032625, 0.033625, 0.0325, 0.0335, 0.032625, 0.03275, 0.03225, 0.006625, 0.006875, 0.00875, 0.009625, 0.0095, 0.00925, 0.008875, 0.0105, 0.007625, 0.010375, 0.00925, 0.009875, 0.071375, 0.079, 0.08925, 0.11275, 0.017125, 0.016125, 0.016625, 0.01725, 0.001, 0.00125, 0.000375, 0.0005, 0.040375, 0.035375, 0.03075, 0.01025, 0.00375, 0.00325, 0.003625, 0.0035, 0.0035, 0.03325, 0.030375, 0.032125, 0.033, 0.032375, 0.03225, 0.03, 0.031, 0.030625, 0.031625, 0.00575, 0.00725, 0.00725, 0.00925, 0.0105, 0.01075, 0.009875, 0.011375, 0.009125, 0.010125, 0.009375, 0.009125, 0.06725, 0.078875, 0.093625, 0.12075, 0.021, 0.018375, 0.0205, 0.019875, 0.001, 0.000875, 0.00125, 0.001, 0.035, 0.03575, 0.030625, 0.009125, 0.002625, 0.003375, 0.003375, 0.002875, 0.003375, 0.033875, 0.02975, 0.033625, 0.03125, 0.03225, 0.033625, 0.032, 0.03275, 0.034, 0.0315, 0.005, 0.0065, 0.006375, 0.008375, 0.0095, 0.009625, 0.010625, 0.012125, 0.0085, 0.010125, 0.010625, 0.0085, 0.0675, 0.08025, 0.094375, 0.119375, 0.019, 0.018875, 0.023375, 0.02125, 0.001375, 0.001, 0.00125, 0.00175, 0.034375, 0.033375, 0.027625, 0.008125, 0.003875, 0.005, 0.003, 0.002875, 0.003375, 0.031125, 0.026125, 0.031875, 0.029625, 0.028125, 0.027375, 0.033125, 0.03, 0.028625, 0.03075, 0.0045, 0.005375, 0.005625, 0.006375, 0.00925, 0.009, 0.010125, 0.009625, 0.00975, 0.01025, 0.009625, 0.008875, 0.067125, 0.077, 0.098875, 0.12875, 0.023875, 0.022, 0.025875, 0.0245, 0.003375, 0.00175, 0.00175, 0.00125, 0.04125, 0.033125, 0.028125, 0.009, 0.003625, 0.0025, 0.002625, 0.00375, 0.0035, 0.028625, 0.031375, 0.029375, 0.025875, 0.0245, 0.029125, 0.027375, 0.03025, 0.028125, 0.0285, 0.0045, 0.004625, 0.005375, 0.00675, 0.00925, 0.00975, 0.010625, 0.010375, 0.00825, 0.010375, 0.01075, 0.01075, 0.0625, 0.08, 0.09675, 0.127125, 0.024, 0.028, 0.028875, 0.030625, 0.002625, 0.002, 0.002125, 0.002625, 0.041, 0.034625, 0.027625, 0.0085, 0.0035, 0.003625, 0.002375, 0.002625, 0.00275, 0.028125, 0.025125, 0.030875, 0.026125, 0.028625, 0.029125, 0.030625, 0.025375, 0.026125, 0.027875, 0.004875, 0.006625, 0.0065, 0.00725, 0.010625, 0.008625, 0.009125, 0.0095, 0.01, 0.00925, 0.0105, 0.009875, 0.065375, 0.0755, 0.100125, 0.121125, 0.02825, 0.027125, 0.03025, 0.03575, 0.00225, 0.003125, 0.003625, 0.003375, 0.038, 0.032625, 0.029375, 0.0065, 0.0045, 0.003125, 0.00375, 